densenet161,14,1,12.27426529
densenet161,29,1,11.74592972
densenet161,43,1,12.27021217
densenet161,57,1,11.36994362
densenet161,100,1,12.49480247
densenet161,14,2,20.67947388
densenet161,29,2,11.74974442
densenet161,43,2,11.43693924
densenet161,57,2,13.27800751
densenet161,100,2,13.34381104
densenet161,14,4,33.44368935
densenet161,29,4,17.6422596
densenet161,43,4,12.21871376
densenet161,57,4,14.128685
densenet161,100,4,13.18788528
densenet161,14,8,54.71229553
densenet161,29,8,29.29449081
densenet161,43,8,19.09399033
densenet161,57,8,15.90776443
densenet161,100,8,12.48621941
densenet161,14,16,93.71614456
densenet161,29,16,48.56300354
densenet161,43,16,30.89737892
densenet161,57,16,26.14545822
densenet161,14,32,183.3853722
densenet161,29,32,93.83821487
densenet161,43,32,56.99539185
densenet161,57,32,48.73347282
densenet169,14,1,12.34698296
densenet169,29,1,11.49606705
densenet169,43,1,11.70277596
densenet169,57,1,14.42790031
densenet169,100,1,11.77835464
densenet169,14,2,12.82715797
densenet169,29,2,11.9562149
densenet169,43,2,14.42408562
densenet169,57,2,11.49129868
densenet169,100,2,12.52007484
densenet169,14,4,20.27535439
densenet169,29,4,11.56711578
densenet169,43,4,10.9038353
densenet169,57,4,11.70659065
densenet169,100,4,11.75165176
densenet169,14,8,32.58705139
densenet169,29,8,17.6897049
densenet169,43,8,12.00795174
densenet169,57,8,11.27004623
densenet169,100,8,11.32535934
densenet169,14,16,62.48235703
densenet169,29,16,32.92584419
densenet169,43,16,21.15011215
densenet169,57,16,17.6012516
densenet169,100,16,14.20140266
densenet169,14,32,113.7912273
densenet169,29,32,59.65805054
densenet169,43,32,36.37456894
densenet169,57,32,31.76927567
densenet169,100,32,20.01714706
diffusion_1024_1024,100,1,6277.524471
diffusion_1024_1024,57,1,8974.80011
diffusion_1024_1024,43,1,11440.23705
diffusion_1024_1024,29,1,17450.51503
diffusion_256_256,100,1,2183.179617
diffusion_256_256,57,1,2218.827724
diffusion_256_256,43,1,2254.504442
diffusion_256_256,29,1,2351.44639
gpt,100,1,4526.850462
gpt,57,1,5117.773771
gpt,43,1,5129.398108
gpt,29,1,8288.570881
mobilenet_v3_large,14,2,3.860473633
mobilenet_v3_large,29,2,3.794193268
mobilenet_v3_large,43,2,3.719568253
mobilenet_v3_large,57,2,3.801345825
mobilenet_v3_large,100,2,3.148794174
mobilenet_v3_large,14,4,3.920078278
mobilenet_v3_large,29,4,3.829956055
mobilenet_v3_large,43,4,3.901481628
mobilenet_v3_large,57,4,3.86762619
mobilenet_v3_large,100,4,3.841876984
mobilenet_v3_large,14,8,6.883859634
mobilenet_v3_large,29,8,3.897190094
mobilenet_v3_large,43,8,3.798723221
mobilenet_v3_large,57,8,3.832101822
mobilenet_v3_large,100,8,4.332780838
mobilenet_v3_large,14,16,12.93945313
mobilenet_v3_large,29,16,6.784439087
mobilenet_v3_large,43,16,4.237174988
mobilenet_v3_large,57,16,4.158973694
mobilenet_v3_large,100,16,4.093647003
mobilenet_v3_large,14,32,25.28858185
mobilenet_v3_large,29,32,12.92324066
mobilenet_v3_large,43,32,7.841348648
mobilenet_v3_large,57,32,6.626605988
mobilenet_v3_large,100,32,4.275560379
resnet152,14,1,11.10291481
resnet152,29,1,9.169340134
resnet152,43,1,9.372711182
resnet152,57,1,9.363889694
resnet152,100,1,9.674072266
resnet152,14,2,15.98882675
resnet152,29,2,9.458065033
resnet152,43,2,8.957386017
resnet152,57,2,9.13977623
resnet152,100,2,8.861780167
resnet152,14,4,27.30202675
resnet152,29,4,14.45770264
resnet152,43,4,10.79702377
resnet152,57,4,9.048700333
resnet152,100,4,9.376764297
resnet152,14,8,47.65367508
resnet152,29,8,24.22738075
resnet152,43,8,15.62380791
resnet152,57,8,12.77208328
resnet152,100,8,9.525775909
resnet152,14,16,87.58306503
resnet152,29,16,44.55327988
resnet152,43,16,27.39405632
resnet152,57,16,22.45187759
resnet152,100,16,14.95504379
resnet152,14,32,163.2151604
resnet152,29,32,82.93056488
resnet152,43,32,50.44269562
resnet152,57,32,42.26231575
resnet152,100,32,26.01265907
resnet50,29,2,4.053115845
resnet50,43,2,3.556489944
resnet50,57,2,3.587961197
resnet50,100,2,3.941774368
resnet50,29,4,6.360530853
resnet50,43,4,4.276752472
resnet50,57,4,3.936290741
resnet50,100,4,3.574609756
resnet50,29,8,11.32965088
resnet50,43,8,7.129430771
resnet50,57,8,5.95664978
resnet50,100,8,4.023075104
resnet50,29,16,20.91383934
resnet50,43,16,12.65907288
resnet50,57,16,10.55884361
resnet50,100,16,6.64973259
resnet50,29,32,38.53487968
resnet50,43,32,22.82905579
resnet50,57,32,19.58918571
resnet50,100,32,11.60383224
vgg11,14,1,5.308866501
vgg11,29,1,2.886295319
vgg11,43,1,1.808404922
vgg11,57,1,1.586914063
vgg11,100,1,1.274108887
vgg11,14,2,8.633613586
vgg11,29,2,4.031181335
vgg11,43,2,2.429485321
vgg11,57,2,2.196550369
vgg11,100,2,1.607656479
vgg11,14,4,12.51721382
vgg11,29,4,6.38961792
vgg11,43,4,3.90958786
vgg11,57,4,3.034353256
vgg11,100,4,2.045631409
vgg11,14,8,19.88506317
vgg11,29,8,10.17403603
vgg11,43,8,6.402015686
vgg11,57,8,5.383729935
vgg11,100,8,3.276824951
vgg11,14,16,34.83200073
vgg11,29,16,17.63081551
vgg11,43,16,11.38854027
vgg11,57,16,9.181022644
vgg11,100,16,5.629062653
vgg11,14,32,64.3658638
vgg11,29,32,33.06770325
vgg11,43,32,20.3332901
vgg11,57,32,16.93916321
vgg11,100,32,10.30135155
vgg19,29,2,7.042646408
vgg19,43,2,4.398584366
vgg19,57,2,3.738641739
vgg19,100,2,2.63428688
vgg19,29,4,11.42907143
vgg19,43,4,7.346391678
vgg19,57,4,5.782365799
vgg19,100,4,3.905296326
vgg19,29,8,19.65546608
vgg19,43,8,12.4938488
vgg19,57,8,10.3559494
vgg19,100,8,6.176948547
vgg19,29,16,36.20576859
vgg19,43,16,23.17595482
vgg19,57,16,18.54228973
vgg19,100,16,11.52944565
vgg19,29,32,69.60964203
vgg19,43,32,43.11203957
vgg19,57,32,35.54034233
vgg19,100,32,21.71182632
whisper,29,2,662.5006199
whisper,43,2,520.9898949
whisper,57,2,460.8991146
whisper,100,2,392.0171261
whisper,29,4,1136.922598
whisper,43,4,884.427309
whisper,57,4,754.7562122
whisper,100,4,611.7651463
whisper,29,8,2160.346985
whisper,43,8,1620.956659
whisper,57,8,1360.811949
whisper,100,8,1071.289063
whisper,29,16,4091.480494
whisper,43,16,3078.962088
whisper,57,16,2604.287863
whisper,100,16,1975.081682
whisper,29,32,7974.669218
whisper,43,32,5974.705696
whisper,57,32,4973.064423
whisper,100,32,3850.672722